id,fonte,codigo,nome,municipio,rio,bacia,lat,lon,tipo,automatica,cota_atencao_cm,cota_alerta_cm,cota_inundacao_cm,nivel_cm,vazao_m3s,chuva_1h,chuva_24h,chuva_72h,medido_em,situacao,cor,observacao,url_origem,atualizado_em
SACE_guaiba_23,SACE/SGB,87398750,4 Irmãos Canal Gravataí,4 Irmãos Canal Gravataí,,Bacia do Guaíba,-29.9803,-50.7439,FLUVIOMETRICA,1,,,,195.0,,0.0,0.0,0.0,2026-08-23 21:00:00,Normal,green,,https://www.sgb.gov.br/sace/sace_nivel/relatorio.php?apenas_grafico=sim&bacia=guaiba&pm=23&s=16&sr=17,2026-08-24 19:45:51
SACE_cai_67,SACE/SGB,,ANA-PC - Picada Café,ANA-PC - Picada Café,,Bacia do Rio Caí,-29.4619,-51.14,FLUVIOMETRICA,1,,,,364.0,,0.0,0.0,0.0,2026-08-24 14:00:00,Normal,green,,https://www.sgb.gov.br/sace/sace_nivel/relatorio.php?apenas_grafico=sim&bacia=cai&pm=67&s=74&sr=75,2026-08-24 19:45:51
ANA_03154011,ANA telemetria,03154011,Aduana Aceguá,Aceguá,,Não catalogada (ANA),-31.8661,-54.1672,PLUVIOMETRICA,1,,,,,,,,,,Sem transmissão recente,gray,,https://telemetriaws1.ana.gov.br/ServiceANA.asmx/DadosHidrometeorologicos?codEstacao=03154011&dataInicio=&dataFim=,2026-08-24 19:45:51
ANA_02950104,ANA telemetria,02950104,Aeroporto Capáo Da Canoa,Capão Da Canoa,,Não catalogada (ANA),-29.7661,-50.0383,PLUVIOMETRICA,1,,,,,,,,,,Sem transmissão recente,gray,,https://telemetriaws1.ana.gov.br/ServiceANA.asmx/DadosHidrometeorologicos?codEstacao=02950104&dataInicio=&dataFim=,2026-08-24 19:45:51
ANA_02956013,ANA telemetria,02956013,Agrop. Cerro Do Coqueiro Uruguaiana,Uruguaiana,,Não catalogada (ANA),-29.7786,-56.5206,PLUVIOMETRICA,1,,,,,,,,,,Sem transmissão recente,gray,,https://telemetriaws1.ana.gov.br/ServiceANA.asmx/DadosHidrometeorologicos?codEstacao=02956013&dataInicio=&dataFim=,2026-08-24 19:45:51
ANA_03054028,ANA telemetria,03054028,Agrop. Segredo - Marco Das Águas,Lavras Do Sul,,Não catalogada (ANA),-30.7478,-54.1375,PLUVIOMETRICA,1,,,,,,,,,,Sem transmissão recente,gray,,https://telemetriaws1.ana.gov.br/ServiceANA.asmx/DadosHidrometeorologicos?codEstacao=03054028&dataInicio=&dataFim=,2026-08-24 19:45:51
SACE_uruguai_28,SACE/SGB,7675000,Alegrete,Alegrete,Ibirapuitã,Bacia do Rio Uruguai,-29.76833,-55.7875,FLUVIOMETRICA,1,750.0,850.0,970.0,791.0,,0.0,0.0,0.0,2026-08-24 15:15:00,Cota de Atenção,gold,,https://www.sgb.gov.br/sace/sace_nivel/relatorio.php?apenas_grafico=sim&bacia=uruguai&pm=28&s=177&sr=176,2026-08-24 19:45:51
SACE_uruguai_57,SACE/SGB,7450000,Alto Uruguai,Alto Uruguai,,Bacia do Rio Uruguai,-27.3009,-54.14,FLUVIOMETRICA,1,1700.0,1900.0,2100.0,354.0,,2.2,2.2,7.8,2026-08-06 15:00:00,Normal,green,,https://www.sgb.gov.br/sace/sace_nivel/relatorio.php?apenas_grafico=sim&bacia=uruguai&pm=57&s=230&sr=229,2026-08-24 19:45:51
SACE_guaiba_25,SACE/SGB,87318000,Arroio Caraá,Arroio Caraá,,Bacia do Guaíba,-29.791,-50.4338,FLUVIOMETRICA,1,,,,144.0,,0.0,0.0,0.0,2026-08-24 15:00:00,Normal,green,,https://www.sgb.gov.br/sace/sace_nivel/relatorio.php?apenas_grafico=sim&bacia=guaiba&pm=25&s=20&sr=21,2026-08-24 19:45:51
SACE_taquari_11,SACE/SGB,2852004,Auler,Auler,,Bacia do Taquari-Antas,-28.8034,-52.38154,PLUVIOMETRICA,1,,,,,,0.0,0.0,0.2,2026-08-24 16:30:00,Normal,green,,https://www.sgb.gov.br/sace/sace_nivel/relatorio.php?apenas_grafico=sim&bacia=taquari&pm=11&s=&sr=11,2026-08-24 19:45:51
SACE_cai_108,SACE/SGB,871700,Barca do Caí,Barca do Caí,,Bacia do Rio Caí,-29.59013,-51.38353,FLUVIOMETRICA,1,500.0,700.0,1050.0,328.0,,0.0,0.0,0.0,2026-08-24 12:45:00,Normal,green,,https://www.sgb.gov.br/sace/sace_nivel/relatorio.php?apenas_grafico=sim&bacia=cai&pm=108&s=139&sr=140,2026-08-24 19:45:51
SACE_taquari_33,SACE/SGB,8678000,Barra do Fão,Barra do Fão,Forqueta,Bacia do Taquari-Antas,-29.2239,-52.1622,FLUVIOMETRICA,1,400.0,600.0,1000.0,141.0,,0.0,0.0,0.0,2026-08-24 14:45:00,Normal,green,,https://www.sgb.gov.br/sace/sace_nivel/relatorio.php?apenas_grafico=sim&bacia=taquari&pm=33&s=56&sr=57,2026-08-24 19:45:51
SACE_cai_138,SACE/SGB,8716859,Bom Princípio,Bom Princípio,Caí,Bacia do Rio Caí,-29.5072,-51.3556,FLUVIOMETRICA,1,800.0,970.0,,372.0,,0.0,0.0,0.0,2026-08-24 12:00:00,Normal,green,,https://www.sgb.gov.br/sace/sace_nivel/relatorio.php?apenas_grafico=sim&bacia=cai&pm=138&s=209&sr=210,2026-08-24 19:45:51
SACE_taquari_5,SACE/SGB,8688200,Bom Retiro do Sul,Bom Retiro do Sul,Taquari,Bacia do Taquari-Antas,-29.60837,-51.9504,FLUVIOMETRICA,1,900.0,1200.0,1650.0,438.0,,0.0,0.0,0.0,2026-08-24 12:30:00,Normal,green,,https://www.sgb.gov.br/sace/sace_nivel/relatorio.php?apenas_grafico=sim&bacia=taquari&pm=5&s=110&sr=111,2026-08-24 19:45:51
SACE_guaiba_22,SACE/SGB,87401750,CORSAN Alvorada,CORSAN Alvorada,Gravataí,Bacia do Guaíba,-29.9683,-51.0367,FLUVIOMETRICA,1,,,500.0,328.0,,0.0,0.0,0.2,2026-08-24 14:00:00,Normal,green,,https://www.sgb.gov.br/sace/sace_nivel/relatorio.php?apenas_grafico=sim&bacia=guaiba&pm=22&s=14&sr=15,2026-08-24 19:45:51
SACE_guaiba_16,SACE/SGB,87450004,Cais Mauá C6,Cais Mauá C6,,Bacia do Guaíba,-30.0211,-51.2211,FLUVIOMETRICA,1,190.0,260.0,300.0,187.0,,0.0,0.0,0.0,2026-08-24 15:00:00,Normal,green,,https://www.sgb.gov.br/sace/sace_nivel/relatorio.php?apenas_grafico=sim&bacia=guaiba&pm=16&s=3&sr=75,2026-08-24 19:45:51
SACE_guaiba_83,SACE/SGB,85623010,Camping São Sepé CPRM,Camping São Sepé CPRM,São Sepé,Bacia do Guaíba,-30.1942,-53.5633,FLUVIOMETRICA,1,,,,101.0,,0.0,0.0,0.0,2026-08-24 12:45:00,Normal,green,,https://www.sgb.gov.br/sace/sace_nivel/relatorio.php?apenas_grafico=sim&bacia=guaiba&pm=83&s=93&sr=92,2026-08-24 19:45:51
SACE_guaiba_20,SACE/SGB,8738000,Campo Bom,Campo Bom,dos Sinos,Bacia do Guaíba,-29.69166,-51.04611,FLUVIOMETRICA,1,500.0,600.0,680.0,352.0,,0.0,0.0,0.2,2026-08-24 12:00:00,Normal,green,,https://www.sgb.gov.br/sace/sace_nivel/relatorio.php?apenas_grafico=sim&bacia=guaiba&pm=20&s=13&sr=12,2026-08-24 19:45:51
SACE_cai_113,SACE/SGB,0295004,Capão dos Coxos,Capão dos Coxos,,Bacia do Rio Caí,-29.40881,-50.58437,PLUVIOMETRICA,1,,,,,,0.0,0.0,0.2,2026-08-24 16:30:00,Normal,green,,https://www.sgb.gov.br/sace/sace_nivel/relatorio.php?apenas_grafico=sim&bacia=cai&pm=113&s=&sr=151,2026-08-24 19:45:51
ANA_03055019,ANA telemetria,03055019,Cerro Do Combate,Santana Do Livramento,,Não catalogada (ANA),-30.5469,-55.3197,PLUVIOMETRICA,1,,,,,,,,,,Sem transmissão recente,gray,,https://telemetriaws1.ana.gov.br/ServiceANA.asmx/DadosHidrometeorologicos?codEstacao=03055019&dataInicio=&dataFim=,2026-08-24 19:45:51
ANA_74670000,ANA telemetria,74670000,Cgh Bela União Barramento,Santa Rosa,Rio Santa Rosa,Não catalogada (ANA),-27.7811,-54.3736,FLUVIOMETRICA,1,,,,121.44,,,,,2026-08-24 15:59:00,Sem cota de referência publicada,gray,,https://telemetriaws1.ana.gov.br/ServiceANA.asmx/DadosHidrometeorologicos?codEstacao=74670000&dataInicio=&dataFim=,2026-08-24 19:45:51
ANA_70740000,ANA telemetria,70740000,Cgh Bruna Jusante,Esmeralda,Rio Do Frade,Não catalogada (ANA),-28.02,-51.0203,FLUVIOMETRICA,1,,,,73.43,12.0,0.0,0.0,0.0,2026-08-24 15:50:00,Sem cota de referência publicada,gray,,https://telemetriaws1.ana.gov.br/ServiceANA.asmx/DadosHidrometeorologicos?codEstacao=70740000&dataInicio=&dataFim=,2026-08-24 19:45:51
ANA_86060010,ANA telemetria,86060010,Cgh Cambará Barramento,Cambará Do Sul,Arroio Arcada,Não catalogada (ANA),-28.9489,-50.0556,FLUVIOMETRICA,1,,,,1432.0,,0.0,0.0,0.0,2026-08-24 14:00:00,Sem cota de referência publicada,gray,,https://telemetriaws1.ana.gov.br/ServiceANA.asmx/DadosHidrometeorologicos?codEstacao=86060010&dataInicio=&dataFim=,2026-08-24 19:45:51
ANA_74359000,ANA telemetria,74359000,Cgh Carlos Bevilácqua Barramento,Seberi,Arroio Fortaleza,Não catalogada (ANA),-27.6028,-53.3917,FLUVIOMETRICA,1,,,,,,0.0,0.0,0.0,2026-08-24 15:00:00,Sem cota de referência publicada,gray,"nivel_cm=46534 fora da faixa [0, 5000]",https://telemetriaws1.ana.gov.br/ServiceANA.asmx/DadosHidrometeorologicos?codEstacao=74359000&dataInicio=&dataFim=,2026-08-24 19:45:51
ANA_85500990,ANA telemetria,85500990,Cgh Colorado Barramento,Tapera,Rio Colorado,Não catalogada (ANA),-28.6294,-52.9356,FLUVIOMETRICA,1,,,,383.75,,,,,2026-08-24 16:00:00,Sem cota de referência publicada,gray,,https://telemetriaws1.ana.gov.br/ServiceANA.asmx/DadosHidrometeorologicos?codEstacao=85500990&dataInicio=&dataFim=,2026-08-24 19:45:51
ANA_85500100,ANA telemetria,85500100,Cgh Colorado Montante,Lagoa Dos Tres Cantos,Rio Colorado,Não catalogada (ANA),-28.5794,-52.92,PLUVIOMETRICA,1,,,,,,,,,,Sem transmissão recente,gray,,https://telemetriaws1.ana.gov.br/ServiceANA.asmx/DadosHidrometeorologicos?codEstacao=85500100&dataInicio=&dataFim=,2026-08-24 19:45:51
ANA_02854039,ANA telemetria,02854039,Cgh Coopermil Jusante,Guarani Das Missões,,Não catalogada (ANA),-28.1389,-54.5464,PLUVIOMETRICA,1,,,,,,,,,,Sem transmissão recente,gray,,https://telemetriaws1.ana.gov.br/ServiceANA.asmx/DadosHidrometeorologicos?codEstacao=02854039&dataInicio=&dataFim=,2026-08-24 19:45:51
ANA_02753058,ANA telemetria,02753058,Cgh Linha Granja Velha Barramento,Taquaruçu Do Sul,,Não catalogada (ANA),-27.4267,-53.54,PLUVIOMETRICA,1,,,,,,,,,,Sem transmissão recente,gray,,https://telemetriaws1.ana.gov.br/ServiceANA.asmx/DadosHidrometeorologicos?codEstacao=02753058&dataInicio=&dataFim=,2026-08-24 19:45:51
ANA_74120750,ANA telemetria,74120750,Cgh Mata Cobra Montante 1,Carazinho,Rio Da Várzea,Não catalogada (ANA),-28.2653,-52.8969,FLUVIOMETRICA,1,,,,572.13,70.1,0.0,0.0,0.4,2026-08-24 16:00:00,Sem cota de referência publicada,gray,,https://telemetriaws1.ana.gov.br/ServiceANA.asmx/DadosHidrometeorologicos?codEstacao=74120750&dataInicio=&dataFim=,2026-08-24 19:45:51
ANA_87153000,ANA telemetria,87153000,Cgh Santo Anjo Jusante,Caxias Do Sul,Arroio Piai,Não catalogada (ANA),-29.205,-51.09,PLUVIOMETRICA,1,,,,,,,,,,Sem transmissão recente,gray,,https://telemetriaws1.ana.gov.br/ServiceANA.asmx/DadosHidrometeorologicos?codEstacao=87153000&dataInicio=&dataFim=,2026-08-24 19:45:51
SACE_cai_109,SACE/SGB,872300,Costa do Rio Cadeia,Costa do Rio Cadeia,Cadeia,Bacia do Rio Caí,-29.58993,-51.3137,FLUVIOMETRICA,1,500.0,700.0,1000.0,205.0,,0.0,0.0,0.0,2026-08-24 12:30:00,Normal,green,,https://www.sgb.gov.br/sace/sace_nivel/relatorio.php?apenas_grafico=sim&bacia=cai&pm=109&s=141&sr=142,2026-08-24 19:45:51
ANA_02851093,ANA telemetria,02851093,Csg Antônio Prado - 1248,Antônio Prado,,Não catalogada (ANA),-28.9383,-51.1881,PLUVIOMETRICA,1,,,,,,,,,,Sem transmissão recente,gray,,https://telemetriaws1.ana.gov.br/ServiceANA.asmx/DadosHidrometeorologicos?codEstacao=02851093&dataInicio=&dataFim=,2026-08-24 19:45:51
ANA_02951154,ANA telemetria,02951154,Csg Carlos Barbosa - 1197,Carlos Barbosa,,Não catalogada (ANA),-29.3361,-51.4156,PLUVIOMETRICA,1,,,,,,,,,,Sem transmissão recente,gray,,https://telemetriaws1.ana.gov.br/ServiceANA.asmx/DadosHidrometeorologicos?codEstacao=02951154&dataInicio=&dataFim=,2026-08-24 19:45:51
ANA_02951155,ANA telemetria,02951155,Csg Farroupilha - 1215,Farroupilha,,Não catalogada (ANA),-29.3228,-51.3472,PLUVIOMETRICA,1,,,,,,,,,,Sem transmissão recente,gray,,https://telemetriaws1.ana.gov.br/ServiceANA.asmx/DadosHidrometeorologicos?codEstacao=02951155&dataInicio=&dataFim=,2026-08-24 19:45:51
ANA_02851092,ANA telemetria,02851092,Csg Ipê - 1171,Ipê,,Não catalogada (ANA),-28.6678,-51.1731,PLUVIOMETRICA,1,,,,,,,,,,Sem transmissão recente,gray,,https://telemetriaws1.ana.gov.br/ServiceANA.asmx/DadosHidrometeorologicos?codEstacao=02851092&dataInicio=&dataFim=,2026-08-24 19:45:51
SACE_uruguai_68,SACE/SGB,7625100,Dom Pedrito,Dom Pedrito,Santa Maria,Bacia do Rio Uruguai,-30.9703,-54.6933,FLUVIOMETRICA,1,940.0,1020.0,1100.0,1036.0,,0.0,0.0,0.0,2026-08-24 15:30:00,Cota de Alerta,orange,,https://www.sgb.gov.br/sace/sace_nivel/relatorio.php?apenas_grafico=sim&bacia=uruguai&pm=68&s=301&sr=303,2026-08-24 19:45:51
SACE_guaiba_64,SACE/SGB,85400000,Dona Francisca,Dona Francisca,,Bacia do Guaíba,-29.62694,-53.35277,FLUVIOMETRICA,1,,,750.0,186.0,,,,,2026-08-24 15:45:00,Normal,green,,https://www.sgb.gov.br/sace/sace_nivel/relatorio.php?apenas_grafico=sim&bacia=guaiba&pm=64&s=67&sr=,2026-08-24 19:45:51
SACE_taquari_2,SACE/SGB,8672000,Encantado,Encantado,Taquari,Bacia do Taquari-Antas,-29.23519,-51.85507,FLUVIOMETRICA,1,500.0,900.0,1200.0,136.0,,0.0,0.0,0.0,2026-08-24 15:15:00,Normal,green,,https://www.sgb.gov.br/sace/sace_nivel/relatorio.php?apenas_grafico=sim&bacia=taquari&pm=2&s=3&sr=4,2026-08-24 19:45:51
SACE_uruguai_11,SACE/SGB,7135000,Encruzilhada II,Encruzilhada II,Canoas,Bacia do Rio Uruguai,-27.50777,-50.11277,FLUVIOMETRICA,1,400.0,500.0,600.0,428.0,,,0.0,,2026-08-24 15:00:00,Cota de Atenção,gold,,https://www.sgb.gov.br/sace/sace_nivel/relatorio.php?apenas_grafico=sim&bacia=uruguai&pm=11&s=182&sr=183,2026-08-24 19:45:51
SACE_taquari_1,SACE/SGB,8687930,Estrela,Estrela,Taquari,Bacia do Taquari-Antas,-29.47349,-51.96281,FLUVIOMETRICA,1,1500.0,1700.0,1900.0,1302.0,,0.0,0.0,0.0,2026-08-24 15:15:00,Normal,green,,https://www.sgb.gov.br/sace/sace_nivel/relatorio.php?apenas_grafico=sim&bacia=taquari&pm=1&s=1&sr=2,2026-08-24 19:45:51
ANA_03152051,ANA telemetria,03152051,Estância Da Graça,Pelotas,,Não catalogada (ANA),-31.6258,-52.23,PLUVIOMETRICA,1,,,,,,,,,,Sem transmissão recente,gray,,https://telemetriaws1.ana.gov.br/ServiceANA.asmx/DadosHidrometeorologicos?codEstacao=03152051&dataInicio=&dataFim=,2026-08-24 19:45:51
ANA_02952065,ANA telemetria,02952065,Faz. São José Linha Carvalho,Sinimbu,,Não catalogada (ANA),-29.3822,-52.7158,PLUVIOMETRICA,1,,,,,,,,,,Sem transmissão recente,gray,,https://telemetriaws1.ana.gov.br/ServiceANA.asmx/DadosHidrometeorologicos?codEstacao=02952065&dataInicio=&dataFim=,2026-08-24 19:45:51
ANA_02955024,ANA telemetria,02955024,Fazenda Cordilheira S.F. De Assis,São Francisco De Assis,,Não catalogada (ANA),-29.4264,-55.1583,PLUVIOMETRICA,1,,,,,,,,,,Sem transmissão recente,gray,,https://telemetriaws1.ana.gov.br/ServiceANA.asmx/DadosHidrometeorologicos?codEstacao=02955024&dataInicio=&dataFim=,2026-08-24 19:45:51
SACE_uruguai_69,SACE/SGB,3055003,Fazenda Encerra,Fazenda Encerra,,Bacia do Rio Uruguai,-30.6956,-55.8414,PLUVIOMETRICA,1,,,,,,0.0,0.0,0.0,2026-08-24 16:45:00,Normal,green,,https://www.sgb.gov.br/sace/sace_nivel/relatorio.php?apenas_grafico=sim&bacia=uruguai&pm=69&s=&sr=307,2026-08-24 19:45:51
ANA_02954044,ANA telemetria,02954044,Fazenda Santa Tereza S.F. De Assis,São Francisco De Assis,,Não catalogada (ANA),-29.3278,-54.9475,PLUVIOMETRICA,1,,,,,,,,,,Sem transmissão recente,gray,,https://telemetriaws1.ana.gov.br/ServiceANA.asmx/DadosHidrometeorologicos?codEstacao=02954044&dataInicio=&dataFim=,2026-08-24 19:45:51
SACE_cai_130,SACE/SGB,871650,Feliz,Feliz,,Bacia do Rio Caí,-29.45547,-51.30632,FLUVIOMETRICA,1,500.0,,,145.0,,0.0,0.0,0.0,2026-08-24 11:00:00,Normal,green,,https://www.sgb.gov.br/sace/sace_nivel/relatorio.php?apenas_grafico=sim&bacia=cai&pm=130&s=200&sr=199,2026-08-24 19:45:51
SACE_guaiba_24,SACE/SGB,87376000,Foz do Paranhana,Foz do Paranhana,dos Sinos,Bacia do Guaíba,-29.6858,-50.8122,FLUVIOMETRICA,1,450.0,550.0,700.0,108.0,,,,,2026-08-24 10:00:00,Normal,green,,https://www.sgb.gov.br/sace/sace_nivel/relatorio.php?apenas_grafico=sim&bacia=guaiba&pm=24&s=18&sr=19,2026-08-24 19:45:51
SACE_uruguai_34,SACE/SGB,7555000,Garruchos,Garruchos,Uruguai,Bacia do Rio Uruguai,-28.1825,-55.64333,FLUVIOMETRICA,1,1300.0,1400.0,1500.0,262.0,,0.0,0.0,0.0,2026-08-24 15:30:00,Normal,green,,https://www.sgb.gov.br/sace/sace_nivel/relatorio.php?apenas_grafico=sim&bacia=uruguai&pm=34&s=184&sr=185,2026-08-24 19:45:51
SACE_taquari_31,SACE/SGB,2851044,Guaporé,Guaporé,,Bacia do Taquari-Antas,-28.86871,-51.90155,PLUVIOMETRICA,1,,,,,,0.0,0.0,0.0,2026-08-24 16:30:00,Sem Informação,gray,,https://www.sgb.gov.br/sace/sace_nivel/relatorio.php?apenas_grafico=sim&bacia=taquari&pm=31&s=&sr=44,2026-08-24 19:45:51
SACE_guaiba_65,SACE/SGB,02851044,Guaporé,Guaporé,,Bacia do Guaíba,-28.84444,-51.87916,PLUVIOMETRICA,1,,,,,,0.0,0.0,0.0,2026-08-24 16:30:00,Normal,green,,https://www.sgb.gov.br/sace/sace_nivel/relatorio.php?apenas_grafico=sim&bacia=guaiba&pm=65&s=&sr=69,2026-08-24 19:45:51
SACE_taquari_12,SACE/SGB,2851072,Ibiraiaras,Ibiraiaras,,Bacia do Taquari-Antas,-28.37277,-51.63277,PLUVIOMETRICA,1,,,,,,0.0,0.0,0.2,2026-08-24 16:30:00,Normal,green,,https://www.sgb.gov.br/sace/sace_nivel/relatorio.php?apenas_grafico=sim&bacia=taquari&pm=12&s=&sr=62,2026-08-24 19:45:51
SACE_uruguai_37,SACE/SGB,7410000,Iraí,Iraí,Uruguai,Bacia do Rio Uruguai,-27.19027,-53.26527,FLUVIOMETRICA,1,500.0,600.0,800.0,278.0,,0.0,0.0,0.2,2026-08-24 15:00:00,Normal,green,,https://www.sgb.gov.br/sace/sace_nivel/relatorio.php?apenas_grafico=sim&bacia=uruguai&pm=37&s=188&sr=189,2026-08-24 19:45:51
ANA_74100000,ANA telemetria,74100000,Iraí,Iraí,Rio Uruguai,Não catalogada (ANA),-27.1756,-53.2297,FLUVIOMETRICA,1,,,,278.0,1890.52,0.0,0.0,0.2,2026-08-24 12:00:00,Sem cota de referência publicada,gray,,https://telemetriaws1.ana.gov.br/ServiceANA.asmx/DadosHidrometeorologicos?codEstacao=74100000&dataInicio=&dataFim=,2026-08-24 19:45:51
SACE_uruguai_36,SACE/SGB,7432900,Itapiranga,Itapiranga,Uruguai,Bacia do Rio Uruguai,-27.17198,-53.70977,FLUVIOMETRICA,1,500.0,600.0,730.0,213.0,,0.0,0.0,0.0,2026-08-24 15:15:00,Normal,green,,https://www.sgb.gov.br/sace/sace_nivel/relatorio.php?apenas_grafico=sim&bacia=uruguai&pm=36&s=279&sr=280,2026-08-24 19:45:51
SACE_uruguai_32,SACE/SGB,7590000,Itaqui,Itaqui,Uruguai,Bacia do Rio Uruguai,-29.11805,-56.55777,FLUVIOMETRICA,1,630.0,730.0,830.0,475.0,,0.0,0.0,0.0,2026-08-24 15:15:00,Normal,green,,https://www.sgb.gov.br/sace/sace_nivel/relatorio.php?apenas_grafico=sim&bacia=uruguai&pm=32&s=190&sr=191,2026-08-24 19:45:51
ANA_75900000,ANA telemetria,75900000,Itaqui,Itaqui,Rio Uruguai,Não catalogada (ANA),-29.1175,-56.5544,PLUVIOMETRICA,1,,,,,,,,,,Sem transmissão recente,gray,,https://telemetriaws1.ana.gov.br/ServiceANA.asmx/DadosHidrometeorologicos?codEstacao=75900000&dataInicio=&dataFim=,2026-08-24 19:45:51
SACE_taquari_55,SACE/SGB,8656000,Linha Colombo,Linha Colombo,Guaporé,Bacia do Taquari-Antas,-28.9122,-51.9531,FLUVIOMETRICA,1,400.0,700.0,1250.0,118.0,,0.0,0.0,0.0,2026-08-24 12:45:00,Normal,green,,https://www.sgb.gov.br/sace/sace_nivel/relatorio.php?apenas_grafico=sim&bacia=taquari&pm=55&s=100&sr=101,2026-08-24 19:45:51
SACE_guaiba_68,SACE/SGB,86560000,Linha Colombo,Ibiraiaras,,Bacia do Guaíba,-28.38111,-51.63305,PLUVIOMETRICA,1,,,,,,0.0,0.0,0.2,2026-08-24 16:30:00,Sem Informação,green,,https://www.sgb.gov.br/sace/sace_nivel/relatorio.php?apenas_grafico=sim&bacia=guaiba&pm=68&s=&sr=72,2026-08-24 19:45:51
SACE_cai_112,SACE/SGB,871500,Linha Gonzaga,Linha Gonzaga,Caí,Bacia do Rio Caí,-29.30556,-50.99667,FLUVIOMETRICA,1,,,,109.0,,0.0,0.0,0.0,2026-08-24 12:45:00,Normal,green,,https://www.sgb.gov.br/sace/sace_nivel/relatorio.php?apenas_grafico=sim&bacia=cai&pm=112&s=150&sr=149,2026-08-24 19:45:51
SACE_taquari_4,SACE/SGB,8647200,Linha José Júlio,Linha José Júlio,das Antas,Bacia do Taquari-Antas,-29.09807,-51.69956,FLUVIOMETRICA,1,650.0,1000.0,2450.0,344.0,,0.0,0.0,0.0,2026-08-24 15:30:00,Normal,green,,https://www.sgb.gov.br/sace/sace_nivel/relatorio.php?apenas_grafico=sim&bacia=taquari&pm=4&s=7&sr=102,2026-08-24 19:45:51
SACE_cai_116,SACE/SGB,,MRW - Morro Reuter,Morro Reuter,,Bacia do Rio Caí,-29.52901,-51.0367,PLUVIOMETRICA,1,,,,,,0.0,0.2,0.2,2026-08-24 16:30:00,Normal,green,,https://www.sgb.gov.br/sace/sace_nivel/relatorio.php?apenas_grafico=sim&bacia=cai&pm=116&s=&sr=154,2026-08-24 19:45:51
SACE_uruguai_30,SACE/SGB,7656000,Manoel Viana,Manoel Viana,Ibicuí,Bacia do Rio Uruguai,-29.59555,-55.48083,FLUVIOMETRICA,1,760.0,860.0,960.0,527.0,,0.0,0.0,0.2,2026-08-24 15:30:00,Normal,green,,https://www.sgb.gov.br/sace/sace_nivel/relatorio.php?apenas_grafico=sim&bacia=uruguai&pm=30&s=196&sr=199,2026-08-24 19:45:51
SACE_taquari_3,SACE/SGB,8651000,Muçum,Muçum,Taquari,Bacia do Taquari-Antas,-29.16694,-51.86722,FLUVIOMETRICA,1,500.0,900.0,1800.0,258.0,,0.0,0.0,0.0,2026-08-24 15:15:00,Normal,green,,https://www.sgb.gov.br/sace/sace_nivel/relatorio.php?apenas_grafico=sim&bacia=taquari&pm=3&s=5&sr=6,2026-08-24 19:45:51
SACE_cai_111,SACE/SGB,871600,Nova Palmira,Nova Palmira,Caí,Bacia do Rio Caí,-29.33534,-51.18888,FLUVIOMETRICA,1,200.0,300.0,470.0,160.0,,0.0,0.0,0.0,2026-08-24 12:45:00,Normal,green,,https://www.sgb.gov.br/sace/sace_nivel/relatorio.php?apenas_grafico=sim&bacia=cai&pm=111&s=148&sr=147,2026-08-24 19:45:51
ANA_87510020,ANA telemetria,87510020,Palmares Do Sul,Palmares Do Sul,Rio Palmares,Não catalogada (ANA),-30.2658,-50.5164,PLUVIOMETRICA,1,,,,,,,,,,Sem transmissão recente,gray,,https://telemetriaws1.ana.gov.br/ServiceANA.asmx/DadosHidrometeorologicos?codEstacao=87510020&dataInicio=&dataFim=,2026-08-24 19:45:51
ANA_02751066,ANA telemetria,02751066,Parque De Eventos Pinhal Da Serra,Pinhal Da Serra,,Não catalogada (ANA),-27.8792,-51.1769,PLUVIOMETRICA,1,,,,,,,,,,Sem transmissão recente,gray,,https://telemetriaws1.ana.gov.br/ServiceANA.asmx/DadosHidrometeorologicos?codEstacao=02751066&dataInicio=&dataFim=,2026-08-24 19:45:51
ANA_75831000,ANA telemetria,75831000,Passo Butuí Br 472 S. Borja,São Borja,Rio Butuí,Não catalogada (ANA),-28.8531,-56.0861,PLUVIOMETRICA,1,,,,,,,,,,Sem transmissão recente,gray,,https://telemetriaws1.ana.gov.br/ServiceANA.asmx/DadosHidrometeorologicos?codEstacao=75831000&dataInicio=&dataFim=,2026-08-24 19:45:51
SACE_taquari_54,SACE/SGB,8650000,Passo Carreiro,Passo Carreiro,Carreiro,Bacia do Taquari-Antas,-28.84888,-51.8325,FLUVIOMETRICA,1,400.0,500.0,800.0,132.0,,0.0,0.0,0.0,2026-08-24 15:30:00,Normal,green,,https://www.sgb.gov.br/sace/sace_nivel/relatorio.php?apenas_grafico=sim&bacia=taquari&pm=54&s=95&sr=96,2026-08-24 19:45:51
ANA_87920500,ANA telemetria,87920500,Passo Do Candombe,São Lourenço Do Sul,Arroio São Lourenço,Não catalogada (ANA),-31.29,-52.1175,PLUVIOMETRICA,1,,,,,,,,,,Sem transmissão recente,gray,,https://telemetriaws1.ana.gov.br/ServiceANA.asmx/DadosHidrometeorologicos?codEstacao=87920500&dataInicio=&dataFim=,2026-08-24 19:45:51
ANA_87905000,ANA telemetria,87905000,Passo Do Mendonça,Cristal,Rio Camaquã,Não catalogada (ANA),-31.0119,-52.0525,PLUVIOMETRICA,1,,,,,,,,,,Sem transmissão recente,gray,,https://telemetriaws1.ana.gov.br/ServiceANA.asmx/DadosHidrometeorologicos?codEstacao=87905000&dataInicio=&dataFim=,2026-08-24 19:45:51
ANA_75500001,ANA telemetria,75500001,Passo Do Sarmento,Santo Antônio Das Missões,Rio Piratini,Não catalogada (ANA),-28.2119,-55.3197,PLUVIOMETRICA,1,,,,,,,,,,Sem transmissão recente,gray,,https://telemetriaws1.ana.gov.br/ServiceANA.asmx/DadosHidrometeorologicos?codEstacao=75500001&dataInicio=&dataFim=,2026-08-24 19:45:51
SACE_uruguai_58,SACE/SGB,7680000,Passo Mariano Pinto,Passo Mariano Pinto,,Bacia do Rio Uruguai,-29.30833,-56.05472,FLUVIOMETRICA,1,750.0,900.0,1050.0,514.0,,0.0,0.0,0.2,2026-08-24 15:30:00,Normal,green,,https://www.sgb.gov.br/sace/sace_nivel/relatorio.php?apenas_grafico=sim&bacia=uruguai&pm=58&s=233&sr=236,2026-08-24 19:45:51
SACE_cai_107,SACE/SGB,872700,Passo Montenegro,Passo Montenegro,Caí,Bacia do Rio Caí,-29.70109,-51.4402,FLUVIOMETRICA,1,300.0,400.0,600.0,210.0,,0.0,0.0,0.0,2026-08-24 12:45:00,Normal,green,,https://www.sgb.gov.br/sace/sace_nivel/relatorio.php?apenas_grafico=sim&bacia=cai&pm=107&s=137&sr=138,2026-08-24 19:45:51
SACE_uruguai_33,SACE/SGB,7578000,Passo São Borja,Passo São Borja,Uruguai,Bacia do Rio Uruguai,-28.63,-56.03944,FLUVIOMETRICA,1,700.0,800.0,900.0,410.0,,0.0,0.0,0.0,2026-08-24 14:45:00,Normal,green,,https://www.sgb.gov.br/sace/sace_nivel/relatorio.php?apenas_grafico=sim&bacia=uruguai&pm=33&s=202&sr=203,2026-08-24 19:45:51
ANA_75780000,ANA telemetria,75780000,Passo São Borja,São Borja,Rio Uruguai,Não catalogada (ANA),-28.6244,-56.0369,PLUVIOMETRICA,1,,,,,,,,,,Sem transmissão recente,gray,,https://telemetriaws1.ana.gov.br/ServiceANA.asmx/DadosHidrometeorologicos?codEstacao=75780000&dataInicio=&dataFim=,2026-08-24 19:45:51
SACE_guaiba_58,SACE/SGB,85642000,Passo São Lourenço,Passo São Lourenço,,Bacia do Guaíba,-30.00777,-53.01555,FLUVIOMETRICA,1,700.0,800.0,900.0,318.0,,0.0,0.0,0.0,2026-08-24 15:00:00,Normal,green,,https://www.sgb.gov.br/sace/sace_nivel/relatorio.php?apenas_grafico=sim&bacia=guaiba&pm=58&s=65&sr=66,2026-08-24 19:45:51
ANA_03154015,ANA telemetria,03154015,Passo São Luis,Bagé,Rio Negro,Não catalogada (ANA),-31.5119,-54.5114,PLUVIOMETRICA,1,,,,,,,,,,Sem transmissão recente,gray,,https://telemetriaws1.ana.gov.br/ServiceANA.asmx/DadosHidrometeorologicos?codEstacao=03154015&dataInicio=&dataFim=,2026-08-24 19:45:51
SACE_taquari_8,SACE/SGB,8616000,Passo Tainhas,Passo Tainhas,Tainhas,Bacia do Taquari-Antas,-28.88269,-50.39594,FLUVIOMETRICA,1,300.0,500.0,1050.0,92.0,,0.0,0.0,0.0,2026-08-24 14:45:00,Normal,green,,https://www.sgb.gov.br/sace/sace_nivel/relatorio.php?apenas_grafico=sim&bacia=taquari&pm=8&s=9&sr=10,2026-08-24 19:45:51
SACE_guaiba_53,SACE/SGB,86160000,Passo Tainhas,Passo Tainhas,,Bacia do Guaíba,-28.86805,-50.45611,FLUVIOMETRICA,1,300.0,500.0,1050.0,92.0,,0.0,0.0,0.0,2026-08-24 14:45:00,Normal,green,,https://www.sgb.gov.br/sace/sace_nivel/relatorio.php?apenas_grafico=sim&bacia=guaiba&pm=53&s=61&sr=62,2026-08-24 19:45:51
SACE_guaiba_18,SACE/SGB,8739900,Passo das Canoas Auxiliar,Passo das Canoas Auxiliar,Gravataí,Bacia do Guaíba,-29.96444,-50.97777,FLUVIOMETRICA,1,,,475.0,376.0,,0.0,0.0,0.0,2026-08-24 12:15:00,Normal,green,,https://www.sgb.gov.br/sace/sace_nivel/relatorio.php?apenas_grafico=sim&bacia=guaiba&pm=18&s=7&sr=8,2026-08-24 19:45:51
SACE_cai_142,SACE/SGB,8730000,Passo do Caí,Passo do Caí,Caí,Bacia do Rio Caí,-29.86464,-51.36369,FLUVIOMETRICA,1,,,,205.0,,0.0,0.0,0.0,2026-08-23 07:15:00,Normal,green,,https://www.sgb.gov.br/sace/sace_nivel/relatorio.php?apenas_grafico=sim&bacia=cai&pm=142&s=216&sr=215,2026-08-24 19:45:51
SACE_uruguai_70,SACE/SGB,7674200,Passo do Osório,Passo do Osório,,Bacia do Rio Uruguai,-29.9511,-55.6003,FLUVIOMETRICA,1,760.0,860.0,960.0,389.0,,0.0,1.0,34.0,2026-08-24 14:45:00,Normal,green,,https://www.sgb.gov.br/sace/sace_nivel/relatorio.php?apenas_grafico=sim&bacia=uruguai&pm=70&s=302&sr=306,2026-08-24 19:45:51
SACE_uruguai_71,SACE/SGB,7670000,Passo dos Britos,Passo dos Britos,Ibirapuitã,Bacia do Rio Uruguai,-29.9731,-55.7478,FLUVIOMETRICA,1,,,,824.0,,0.0,0.2,0.4,2026-08-24 15:45:00,Normal,green,,https://www.sgb.gov.br/sace/sace_nivel/relatorio.php?apenas_grafico=sim&bacia=uruguai&pm=71&s=315&sr=314,2026-08-24 19:45:51
ANA_86497400,ANA telemetria,86497400,Pch Autódromo Barramento,Guaporé,Rio Carreiro,Não catalogada (ANA),-28.8289,-51.8419,PLUVIOMETRICA,1,,,,,,,,,,Sem transmissão recente,gray,,https://telemetriaws1.ana.gov.br/ServiceANA.asmx/DadosHidrometeorologicos?codEstacao=86497400&dataInicio=&dataFim=,2026-08-24 19:45:51
ANA_86504900,ANA telemetria,86504900,Pch Autódromo Jusante,Vista Alegre Do Prata,Rio Carreiro,Não catalogada (ANA),-28.8817,-51.7897,PLUVIOMETRICA,1,,,,,,,,,,Sem transmissão recente,gray,,https://telemetriaws1.ana.gov.br/ServiceANA.asmx/DadosHidrometeorologicos?codEstacao=86504900&dataInicio=&dataFim=,2026-08-24 19:45:51
ANA_74465000,ANA telemetria,74465000,Pch Carlos Gonzatto Jusante,Campo Novo,Rio Turvo,Não catalogada (ANA),-27.6231,-53.8008,FLUVIOMETRICA,1,,,,150.0,22.24,0.0,0.2,0.6,2026-08-24 15:00:00,Sem cota de referência publicada,gray,,https://telemetriaws1.ana.gov.br/ServiceANA.asmx/DadosHidrometeorologicos?codEstacao=74465000&dataInicio=&dataFim=,2026-08-24 19:45:51
ANA_86200900,ANA telemetria,86200900,Pch Criúva Barramento,Caxias Do Sul,Lajeado Grande,Não catalogada (ANA),-28.9653,-50.7989,PLUVIOMETRICA,1,,,,,,,,,,Sem transmissão recente,gray,,https://telemetriaws1.ana.gov.br/ServiceANA.asmx/DadosHidrometeorologicos?codEstacao=86200900&dataInicio=&dataFim=,2026-08-24 19:45:51
ANA_72480070,ANA telemetria,72480070,Pch Forquilha Alça,Maximiliano De Almeida,Rio Forquilha Ou Inhanduva,Não catalogada (ANA),-27.6583,-51.7428,PLUVIOMETRICA,1,,,,,,,,,,Sem transmissão recente,gray,,https://telemetriaws1.ana.gov.br/ServiceANA.asmx/DadosHidrometeorologicos?codEstacao=72480070&dataInicio=&dataFim=,2026-08-24 19:45:51
ANA_72451000,ANA telemetria,72451000,Pch Forquilha Iv Barramento,Maximiliano De Almeida,Rio Forquilha Ou Inhanduva,Não catalogada (ANA),-27.6147,-51.7508,FLUVIOMETRICA,1,,,,,,0.0,0.0,0.0,2026-08-24 16:00:00,Sem cota de referência publicada,gray,"nivel_cm=49874 fora da faixa [0, 5000]",https://telemetriaws1.ana.gov.br/ServiceANA.asmx/DadosHidrometeorologicos?codEstacao=72451000&dataInicio=&dataFim=,2026-08-24 19:45:51
ANA_72450500,ANA telemetria,72450500,Pch Forquilha Iv Montante,Paim Filho,Rio Forquilha Ou Inhanduva,Não catalogada (ANA),-27.7125,-51.7519,FLUVIOMETRICA,1,,,,150.0,45.97,,,,2026-08-24 16:00:00,Sem cota de referência publicada,gray,,https://telemetriaws1.ana.gov.br/ServiceANA.asmx/DadosHidrometeorologicos?codEstacao=72450500&dataInicio=&dataFim=,2026-08-24 19:45:51
ANA_76069900,ANA telemetria,76069900,Pch Quebra Dentes Barramento,Quevedos,Rio Toropi,Não catalogada (ANA),-29.3642,-54.0117,FLUVIOMETRICA,1,,,,,21.98,,,,2026-08-24 16:00:00,Sem cota de referência publicada,gray,"nivel_cm=29909 fora da faixa [0, 5000]",https://telemetriaws1.ana.gov.br/ServiceANA.asmx/DadosHidrometeorologicos?codEstacao=76069900&dataInicio=&dataFim=,2026-08-24 19:45:51
ANA_75185200,ANA telemetria,75185200,Pch Sede Ii Barramento,Ijuí,Rio Potiribu,Não catalogada (ANA),-28.3711,-53.8792,PLUVIOMETRICA,1,,,,,,,,,,Sem transmissão recente,gray,,https://telemetriaws1.ana.gov.br/ServiceANA.asmx/DadosHidrometeorologicos?codEstacao=75185200&dataInicio=&dataFim=,2026-08-24 19:45:51
ANA_75175100,ANA telemetria,75175100,Pch Sede Ii Montante,Ijuí,Rio Potiribu,Não catalogada (ANA),-28.4008,-53.8283,FLUVIOMETRICA,1,,,,77.0,29.09,0.0,0.0,0.2,2026-08-24 16:02:00,Sem cota de referência publicada,gray,,https://telemetriaws1.ana.gov.br/ServiceANA.asmx/DadosHidrometeorologicos?codEstacao=75175100&dataInicio=&dataFim=,2026-08-24 19:45:51
SACE_uruguai_60,SACE/SGB,7630000,Ponte Ibicuí da Armada,Ponte Ibicuí da Armada,Ibicuí da Armada,Bacia do Rio Uruguai,-30.28083,-54.90361,FLUVIOMETRICA,1,400.0,500.0,590.0,493.0,,0.0,0.0,0.0,2026-08-24 14:45:00,Cota de Atenção,gold,,https://www.sgb.gov.br/sace/sace_nivel/relatorio.php?apenas_grafico=sim&bacia=uruguai&pm=60&s=249&sr=250,2026-08-24 19:45:51
SACE_uruguai_35,SACE/SGB,7480000,Porto Lucena,Porto Lucena,Uruguai,Bacia do Rio Uruguai,-27.85444,-55.0225,FLUVIOMETRICA,1,800.0,900.0,1000.0,169.0,,0.0,0.2,0.4,2026-08-24 15:30:00,Normal,green,,https://www.sgb.gov.br/sace/sace_nivel/relatorio.php?apenas_grafico=sim&bacia=uruguai&pm=35&s=206&sr=207,2026-08-24 19:45:51
ANA_74800000,ANA telemetria,74800000,Porto Lucena,Porto Lucena,Rio Uruguai,Não catalogada (ANA),-27.8525,-55.0256,FLUVIOMETRICA,1,,,,166.0,2340.26,0.0,0.2,0.4,2026-08-24 12:30:00,Sem cota de referência publicada,gray,,https://telemetriaws1.ana.gov.br/ServiceANA.asmx/DadosHidrometeorologicos?codEstacao=74800000&dataInicio=&dataFim=,2026-08-24 19:45:51
SACE_taquari_6,SACE/SGB,8689500,Porto Mariante,Porto Mariante,,Bacia do Taquari-Antas,-29.69958,-51.9665,FLUVIOMETRICA,1,700.0,1100.0,1400.0,361.0,,0.0,0.0,0.0,2026-08-24 15:30:00,Normal,green,,https://www.sgb.gov.br/sace/sace_nivel/relatorio.php?apenas_grafico=sim&bacia=taquari&pm=6&s=47&sr=45,2026-08-24 19:45:51
SACE_guaiba_39,SACE/SGB,86895000,Porto Mariante,Porto Mariante,,Bacia do Guaíba,-29.69222,-51.97,FLUVIOMETRICA,1,700.0,1100.0,1400.0,361.0,,0.0,0.0,0.0,2026-08-24 15:30:00,Normal,green,,https://www.sgb.gov.br/sace/sace_nivel/relatorio.php?apenas_grafico=sim&bacia=guaiba&pm=39&s=41&sr=42,2026-08-24 19:45:51
SACE_uruguai_56,SACE/SGB,7472000,Porto Mauá,Porto Mauá,Uruguai,Bacia do Rio Uruguai,-27.578,-54.683,FLUVIOMETRICA,1,800.0,950.0,1050.0,328.0,,0.0,17.0,31.0,2026-08-24 15:30:00,Normal,green,,https://www.sgb.gov.br/sace/sace_nivel/relatorio.php?apenas_grafico=sim&bacia=uruguai&pm=56&s=211&sr=208,2026-08-24 19:45:51
ANA_75650010,ANA telemetria,75650010,Prop. Rural Itacurubi (Cprm),Itacurubi,Rio Icamaquã,Não catalogada (ANA),-28.7425,-55.1625,PLUVIOMETRICA,1,,,,,,,,,,Sem transmissão recente,gray,,https://telemetriaws1.ana.gov.br/ServiceANA.asmx/DadosHidrometeorologicos?codEstacao=75650010&dataInicio=&dataFim=,2026-08-24 19:45:51
SACE_uruguai_27,SACE/SGB,7750000,Quaraí,Quaraí,Quaraí,Bacia do Rio Uruguai,-30.38444,-56.46583,FLUVIOMETRICA,1,600.0,750.0,950.0,300.0,,0.0,0.0,0.0,2026-08-24 15:00:00,Normal,green,,https://www.sgb.gov.br/sace/sace_nivel/relatorio.php?apenas_grafico=sim&bacia=uruguai&pm=27&s=174&sr=175,2026-08-24 19:45:51
SACE_uruguai_66,SACE/SGB,,RBO - Rio Bonito,RBO - Rio Bonito,,Bacia do Rio Uruguai,-27.7022,-49.84,PLUVIOMETRICA,1,,,,,,,0.0,,,Normal,green,,https://www.sgb.gov.br/sace/sace_nivel/relatorio.php?apenas_grafico=sim&bacia=uruguai&pm=66&s=309&sr=310,2026-08-24 19:45:51
ANA_02953073,ANA telemetria,02953073,Rincão Do Herval Cerro Branco,Cerro Branco,,Não catalogada (ANA),-29.6292,-53.0289,PLUVIOMETRICA,1,,,,,,,,,,Sem transmissão recente,gray,,https://telemetriaws1.ana.gov.br/ServiceANA.asmx/DadosHidrometeorologicos?codEstacao=02953073&dataInicio=&dataFim=,2026-08-24 19:45:51
SACE_guaiba_55,SACE/SGB,85900000,Rio Pardo,Rio Pardo,,Bacia do Guaíba,-29.995,-52.37555,FLUVIOMETRICA,1,850.0,1000.0,1250.0,758.0,,,,,2026-08-21 07:00:00,Normal,green,,https://www.sgb.gov.br/sace/sace_nivel/relatorio.php?apenas_grafico=sim&bacia=guaiba&pm=55&s=63&sr=64,2026-08-24 19:45:51
SACE_uruguai_31,SACE/SGB,7631000,Rosário do Sul,Rosário do Sul,Santa Maria,Bacia do Rio Uruguai,-30.24277,-54.91611,FLUVIOMETRICA,1,470.0,570.0,670.0,530.0,,0.0,0.0,0.0,2026-08-24 15:30:00,Cota de Atenção,gold,,https://www.sgb.gov.br/sace/sace_nivel/relatorio.php?apenas_grafico=sim&bacia=uruguai&pm=31&s=216&sr=217,2026-08-24 19:45:51
ANA_02854036,ANA telemetria,02854036,Santa Tecla Tupanciretã,Tupancireta,,Não catalogada (ANA),-28.9003,-54.1589,PLUVIOMETRICA,1,,,,,,,,,,Sem transmissão recente,gray,,https://telemetriaws1.ana.gov.br/ServiceANA.asmx/DadosHidrometeorologicos?codEstacao=02854036&dataInicio=&dataFim=,2026-08-24 19:45:51
SACE_taquari_32,SACE/SGB,8647260,Santa Tereza,Santa Tereza,Taquari,Bacia do Taquari-Antas,-29.1783,-51.7324,FLUVIOMETRICA,1,600.0,900.0,1500.0,221.0,,0.0,0.0,0.0,2026-08-24 14:45:00,Normal,green,,https://www.sgb.gov.br/sace/sace_nivel/relatorio.php?apenas_grafico=sim&bacia=taquari&pm=32&s=54&sr=55,2026-08-24 19:45:51
SACE_uruguai_62,SACE/SGB,7523000,Santo Ângelo,Santo Ângelo,,Bacia do Rio Uruguai,-28.35461,-54.26741,PLUVIOMETRICA,1,,,,,,,0.0,,,Normal,green,,https://www.sgb.gov.br/sace/sace_nivel/relatorio.php?apenas_grafico=sim&bacia=uruguai&pm=62&s=261&sr=260,2026-08-24 19:45:51
SACE_guaiba_19,SACE/SGB,8738200,São Leopoldo,São Leopoldo,dos Sinos,Bacia do Guaíba,-29.75888,-51.14833,FLUVIOMETRICA,1,350.0,400.0,450.0,295.0,,0.0,0.0,0.0,2026-08-24 12:15:00,Normal,green,,https://www.sgb.gov.br/sace/sace_nivel/relatorio.php?apenas_grafico=sim&bacia=guaiba&pm=19&s=9&sr=10,2026-08-24 19:45:51
SACE_cai_110,SACE/SGB,871680,São Vendelino,São Vendelino,Forromeco,Bacia do Rio Caí,-29.38278,-51.36889,FLUVIOMETRICA,1,220.0,,,71.0,,0.0,0.2,0.2,2026-08-24 12:45:00,Normal,green,,https://www.sgb.gov.br/sace/sace_nivel/relatorio.php?apenas_grafico=sim&bacia=cai&pm=110&s=143&sr=144,2026-08-24 19:45:51
ANA_88060200,ANA telemetria,88060200,Taim Mangueira,Rio Grande,Canal Do Taim,Não catalogada (ANA),-32.5408,-52.5394,PLUVIOMETRICA,1,,,,,,,,,,Sem transmissão recente,gray,,https://telemetriaws1.ana.gov.br/ServiceANA.asmx/DadosHidrometeorologicos?codEstacao=88060200&dataInicio=&dataFim=,2026-08-24 19:45:51
SACE_uruguai_22,SACE/SGB,7281000,Tangará,Tangará,do Peixe,Bacia do Rio Uruguai,-27.0881,-51.2581,FLUVIOMETRICA,1,350.0,450.0,550.0,104.0,,0.0,0.0,0.0,2026-08-24 15:00:00,Normal,green,,https://www.sgb.gov.br/sace/sace_nivel/relatorio.php?apenas_grafico=sim&bacia=uruguai&pm=22&s=220&sr=221,2026-08-24 19:45:51
SACE_taquari_7,SACE/SGB,8695000,Taquari,Taquari,Taquari,Bacia do Taquari-Antas,-29.80688,-51.87659,FLUVIOMETRICA,1,400.0,650.0,850.0,382.0,,0.0,0.0,0.0,2026-08-24 14:45:00,Normal,green,,https://www.sgb.gov.br/sace/sace_nivel/relatorio.php?apenas_grafico=sim&bacia=taquari&pm=7&s=43&sr=42,2026-08-24 19:45:51
SACE_guaiba_14,SACE/SGB,87242000,Terminal CATSUL Guaíba,Terminal CATSUL Guaíba,Guaíba,Bacia do Guaíba,-30.1075,-51.3111,FLUVIOMETRICA,1,,,,183.0,,0.0,0.0,0.0,2026-08-24 12:45:00,Normal,green,,https://www.sgb.gov.br/sace/sace_nivel/relatorio.php?apenas_grafico=sim&bacia=guaiba&pm=14&s=164&sr=163,2026-08-24 19:45:51
SACE_guaiba_82,SACE/SGB,87010000,Triunfo,Triunfo,Jacuí,Bacia do Guaíba,-29.9419,-51.6942,FLUVIOMETRICA,1,,,467.0,251.0,,0.0,0.0,0.0,2026-08-24 12:00:00,Normal,green,,https://www.sgb.gov.br/sace/sace_nivel/relatorio.php?apenas_grafico=sim&bacia=guaiba&pm=82&s=95&sr=94,2026-08-24 19:45:51
ANA_02852057,ANA telemetria,02852057,Uhe Passo Fundo Plu,Passo Fundo,,Não catalogada (ANA),-28.2267,-52.4033,PLUVIOMETRICA,1,,,,,,,,,,Sem transmissão recente,gray,,https://telemetriaws1.ana.gov.br/ServiceANA.asmx/DadosHidrometeorologicos?codEstacao=02852057&dataInicio=&dataFim=,2026-08-24 19:45:51
SACE_uruguai_29,SACE/SGB,7715000,Uruguaiana,Uruguaiana,Uruguai,Bacia do Rio Uruguai,-29.74805,-57.08944,FLUVIOMETRICA,1,650.0,750.0,850.0,570.0,,0.0,0.0,0.0,2026-08-24 15:30:00,Normal,green,,https://www.sgb.gov.br/sace/sace_nivel/relatorio.php?apenas_grafico=sim&bacia=uruguai&pm=29&s=172&sr=173,2026-08-24 19:45:51
ANA_03153035,ANA telemetria,03153035,Usina Termoelétrica Piratini,Piratini,,Não catalogada (ANA),-31.2419,-53.1808,PLUVIOMETRICA,1,,,,,,,,,,Sem transmissão recente,gray,,https://telemetriaws1.ana.gov.br/ServiceANA.asmx/DadosHidrometeorologicos?codEstacao=03153035&dataInicio=&dataFim=,2026-08-24 19:45:51
SACE_guaiba_72,SACE/SGB,87450020,Usina do Gasômetro,Usina do Gasômetro,Guaíba,Bacia do Guaíba,-30.03472,-51.24194,FLUVIOMETRICA,1,170.0,210.0,260.0,143.0,,0.0,0.0,0.0,2026-08-24 15:15:00,Normal,green,,https://www.sgb.gov.br/sace/sace_nivel/relatorio.php?apenas_grafico=sim&bacia=guaiba&pm=72&s=81&sr=80,2026-08-24 19:45:51
SACE_taquari_9,SACE/SGB,2850045,Vacaria,Vacaria,,Bacia do Taquari-Antas,-28.4898,-50.93614,PLUVIOMETRICA,1,,,,,,0.0,0.0,0.2,2026-08-24 16:30:00,Normal,green,,https://www.sgb.gov.br/sace/sace_nivel/relatorio.php?apenas_grafico=sim&bacia=taquari&pm=9&s=&sr=15,2026-08-24 19:45:51
SACE_cai_131,SACE/SGB,871630,Vale Real,Vale Real,Caí,Bacia do Rio Caí,-29.39994,-51.25363,FLUVIOMETRICA,1,700.0,900.0,,270.0,,0.0,0.0,0.0,2026-08-24 11:00:00,Normal,green,,https://www.sgb.gov.br/sace/sace_nivel/relatorio.php?apenas_grafico=sim&bacia=cai&pm=131&s=202&sr=203,2026-08-24 19:45:51
SACE_uruguai_20,SACE/SGB,7120000,Vila Canoas,Vila Canoas,Canoas,Bacia do Rio Uruguai,-27.8028,-49.7786,FLUVIOMETRICA,1,500.0,600.0,700.0,169.0,,0.0,1.0,2.0,2026-08-24 15:00:00,Normal,green,,https://www.sgb.gov.br/sace/sace_nivel/relatorio.php?apenas_grafico=sim&bacia=uruguai&pm=20&s=223&sr=222,2026-08-24 19:45:51
ANA_03051074,ANA telemetria,03051074,Zona Dos Pachecos,Barão Do Triunfo,,Não catalogada (ANA),-30.5053,-51.9003,PLUVIOMETRICA,1,,,,,,,,,,Sem transmissão recente,gray,,https://telemetriaws1.ana.gov.br/ServiceANA.asmx/DadosHidrometeorologicos?codEstacao=03051074&dataInicio=&dataFim=,2026-08-24 19:45:51
