id_estacao,nome,municipio,bacia,calculado_em,chuva_24h_mm,chuva_72h_mm,volume_escoado_m3,cn_base,cota_atual_cm,pico_projetado_cm,variacao_cm,tc_horas,instante_pico,horizonte_util_horas,confiavel,origem_projecao,tendencia,classe,motivo,horas_ate_inundacao
SACE_taquari_32,Santa Tereza,Santa Tereza,Bacia do Taquari-Antas,2026-10-04 00:12:50,0.0,0.06,,75.0,500.0,570.4,70.39999999999998,5.75,2026-10-04 04:22:30,8.62,0,estação,subindo,abaixo,pico abaixo de todas as cotas oficiais,
SACE_taquari_3,Muçum,Muçum,Bacia do Taquari-Antas,2026-10-04 00:12:50,0.0,0.05,,75.0,465.0,514.1,49.10000000000002,6.5,2026-10-04 01:07:30,9.75,0,estação,subindo,atencao,pico atinge a cota de atenção,
SACE_taquari_4,Linha José Júlio,Linha José Júlio,Bacia do Taquari-Antas,2026-10-04 00:12:50,0.0,0.05,,75.0,636.0,636.0,0.0,4.5,2026-10-03 20:30:00,2.25,0,estação,estável,abaixo,pico abaixo de todas as cotas oficiais,
SACE_taquari_54,Passo Carreiro,Passo Carreiro,Bacia do Taquari-Antas,2026-10-04 00:12:50,0.0,0.06,,75.0,218.9,219.8,0.9000000000000057,2.0,2026-10-03 23:30:00,1.0,0,estação,estável,abaixo,pico abaixo de todas as cotas oficiais,
SACE_taquari_55,Linha Colombo,Linha Colombo,Bacia do Taquari-Antas,2026-10-04 00:12:50,0.0,0.07,,75.0,170.0,171.9,1.9000000000000057,3.25,2026-10-04 00:37:30,4.06,0,estação,estável,abaixo,pico abaixo de todas as cotas oficiais,
SACE_guaiba_53,Passo Tainhas,Passo Tainhas,Bacia do Guaíba,2026-10-04 00:12:50,0.0,0.0,,75.0,122.0,122.2,0.20000000000000284,0.25,2026-10-03 20:07:30,0.38,0,estação,estável,abaixo,pico abaixo de todas as cotas oficiais,
SACE_taquari_8,Passo Tainhas,Passo Tainhas,Bacia do Taquari-Antas,2026-10-04 00:12:50,0.0,0.0,,75.0,122.0,122.2,0.20000000000000284,0.25,2026-10-03 20:07:30,0.38,0,estação,estável,abaixo,pico abaixo de todas as cotas oficiais,
SACE_taquari_2,Encantado,Encantado,Bacia do Taquari-Antas,2026-10-04 00:12:50,0.0,0.05,,75.0,249.0,296.8,47.80000000000001,7.0,2026-10-04 07:00:00,10.5,0,estação,subindo,abaixo,pico abaixo de todas as cotas oficiais,
SACE_taquari_33,Barra do Fão,Barra do Fão,Bacia do Taquari-Antas,2026-10-04 00:12:50,0.0,0.08,,75.0,172.0,174.4,2.4000000000000057,2.5,2026-10-03 23:30:00,3.75,0,estação,estável,abaixo,pico abaixo de todas as cotas oficiais,
SACE_taquari_1,Estrela,Estrela,Bacia do Taquari-Antas,2026-10-04 00:12:50,0.0,0.06,,75.0,1325.0,1325.0,0.0,10.25,2026-10-03 20:30:00,15.38,0,estação,recessão (vazante),abaixo,pico abaixo de todas as cotas oficiais,
SACE_guaiba_58,Passo São Lourenço,Passo São Lourenço,Bacia do Guaíba,2026-10-04 00:12:50,0.0,0.48,,75.0,1053.0,1053.0,0.0,7.5,2026-10-04 07:15:00,7.5,0,modelo agrupado,recessão (vazante),inundacao,pico atinge a cota de inundação,0.0
SACE_uruguai_58,Passo Mariano Pinto,Passo Mariano Pinto,Bacia do Rio Uruguai,2026-10-04 00:12:50,27.0,27.0,,75.0,817.0,817.0,0.0,71.5,2026-10-06 19:00:00,71.5,0,modelo agrupado,recessão (vazante),atencao,pico atinge a cota de atenção,
SACE_taquari_5,Bom Retiro do Sul,Bom Retiro do Sul,Bacia do Taquari-Antas,2026-10-04 00:12:50,0.0,0.06,,75.0,664.1,664.1,0.0,7.25,2026-10-03 20:30:00,10.88,0,estação,recessão (vazante),abaixo,pico abaixo de todas as cotas oficiais,
SACE_guaiba_20,Campo Bom,Campo Bom,Bacia do Guaíba,2026-10-04 00:12:50,0.62,1.21,,75.0,519.0,519.0,0.0,6.0,2026-10-03 20:00:00,9.0,0,estação,estável,atencao,pico atinge a cota de atenção,
SACE_uruguai_56,Porto Mauá,Porto Mauá,Bacia do Rio Uruguai,2026-10-04 00:12:50,30.49,30.53,,75.0,711.0,711.0,0.0,33.5,2026-10-03 20:30:00,50.25,0,estação,recessão (vazante),abaixo,pico abaixo de todas as cotas oficiais,
SACE_uruguai_37,Iraí,Iraí,Bacia do Rio Uruguai,2026-10-04 00:12:50,27.83,27.86,,75.0,530.0,552.1,22.100000000000023,12.0,2026-10-04 04:00:00,6.0,0,estação,subindo,atencao,pico atinge a cota de atenção,
SACE_taquari_7,Taquari,Taquari,Bacia do Taquari-Antas,2026-10-04 00:12:50,0.0,0.06,,75.0,571.0,571.0,0.0,11.0,2026-10-03 19:45:00,16.5,0,estação,recessão (vazante),atencao,pico atinge a cota de atenção,
SACE_guaiba_39,Porto Mariante,Porto Mariante,Bacia do Guaíba,2026-10-04 00:12:50,1.11,1.55,,75.0,576.0,576.0,0.0,9.0,2026-10-03 20:30:00,13.5,0,estação,recessão (vazante),abaixo,pico abaixo de todas as cotas oficiais,
SACE_taquari_6,Porto Mariante,Porto Mariante,Bacia do Taquari-Antas,2026-10-04 00:12:50,0.0,0.08,,75.0,584.0,584.0,0.0,7.75,2026-10-03 19:30:00,11.62,0,estação,recessão (vazante),abaixo,pico abaixo de todas as cotas oficiais,
SACE_guaiba_82,Triunfo,Triunfo,Bacia do Guaíba,2026-10-04 00:12:50,1.0,1.47,,75.0,416.0,416.0,0.0,13.75,2026-10-03 20:00:00,20.62,0,estação,recessão (vazante),abaixo,pico abaixo de todas as cotas oficiais,
ANA_76395010,São Pedro Do Sul/Santa Maria,Santa Maria,Não catalogada (ANA),2026-10-04 00:12:50,,,,,,,,,,,0,estação,,indefinida,sem projeção,
SACE_cai_138,Bom Princípio,Bom Princípio,Bacia do Rio Caí,2026-10-04 00:12:50,0.01,0.13,,75.0,455.0,463.6,8.600000000000023,3.75,2026-10-04 01:37:30,5.62,0,estação,estável,abaixo,pico abaixo de todas as cotas oficiais,
SACE_cai_107,Passo Montenegro,Passo Montenegro,Bacia do Rio Caí,2026-10-04 00:12:50,0.0,0.0,,75.0,387.0,387.0,0.0,6.75,2026-10-03 20:15:00,5.06,0,estação,recessão (vazante),atencao,pico atinge a cota de atenção,
SACE_guaiba_19,São Leopoldo,São Leopoldo,Bacia do Guaíba,2026-10-04 00:12:50,0.86,1.38,,75.0,394.0,394.2,0.19999999999998863,0.25,2026-10-03 20:15:00,1.0,0,modelo agrupado,estável,atencao,pico atinge a cota de atenção,
SACE_uruguai_31,Rosário do Sul,Rosário do Sul,Bacia do Rio Uruguai,2026-10-04 00:12:50,16.97,17.12,,75.0,593.0,593.0,0.0,6.25,2026-10-03 19:30:00,9.38,0,estação,estável,alerta,pico atinge a cota de alerta,
SACE_uruguai_71,Passo dos Britos,Passo dos Britos,Bacia do Rio Uruguai,2026-10-04 00:12:50,21.29,21.43,,75.0,956.0,984.7,28.700000000000045,45.0,2026-10-06 04:00:00,11.25,0,estação,recessão (vazante),estavel,variação de 3 % da amplitude de 30 dias,
SACE_uruguai_34,Garruchos,Garruchos,Bacia do Rio Uruguai,2026-10-04 00:12:50,28.13,28.18,,75.0,1130.0,1130.0,0.0,31.5,2026-10-03 19:30:00,47.25,0,estação,recessão (vazante),abaixo,pico abaixo de todas as cotas oficiais,
SACE_guaiba_22,CORSAN Alvorada,CORSAN Alvorada,Bacia do Guaíba,2026-10-04 00:12:50,0.0,0.6,,75.0,333.0,333.0,0.0,3.25,2026-10-03 20:00:00,4.88,0,estação,estável,abaixo,pico abaixo de todas as cotas oficiais,
SACE_uruguai_32,Itaqui,Itaqui,Bacia do Rio Uruguai,2026-10-04 00:12:50,39.0,39.0,,75.0,783.0,783.0,0.0,72.0,2026-10-04 13:15:00,72.0,0,modelo agrupado,recessão (vazante),alerta,pico atinge a cota de alerta,
SACE_cai_108,Barca do Caí,Barca do Caí,Bacia do Rio Caí,2026-10-04 00:12:50,0.0,0.2,,75.0,543.0,543.0,0.0,4.75,2026-10-03 20:15:00,7.12,0,estação,estável,atencao,pico atinge a cota de atenção,
SACE_guaiba_25,Arroio Caraá,Arroio Caraá,Bacia do Guaíba,2026-10-04 00:12:50,0.01,0.53,,75.0,146.0,146.1,0.09999999999999432,0.25,2026-10-03 18:22:30,0.38,0,estação,estável,estavel,variação de 0 % da amplitude de 30 dias,
SACE_guaiba_72,Usina do Gasômetro,Usina do Gasômetro,Bacia do Guaíba,2026-10-04 00:12:50,1.11,1.54,,75.0,156.0,166.0,10.0,17.5,2026-10-03 20:15:00,17.5,0,modelo agrupado,estável,abaixo,pico abaixo de todas as cotas oficiais,
SACE_guaiba_18,Passo das Canoas Auxiliar,Passo das Canoas Auxiliar,Bacia do Guaíba,2026-10-04 00:12:50,0.0,1.4,,75.0,382.0,382.0,0.0,35.25,2026-10-03 20:15:00,44.06,0,estação,estável,abaixo,pico abaixo de todas as cotas oficiais,
SACE_guaiba_16,Cais Mauá C6,Cais Mauá C6,Bacia do Guaíba,2026-10-04 00:12:50,1.09,1.53,,75.0,209.0,209.0,0.0,17.25,2026-10-03 20:00:00,8.62,0,estação,estável,atencao,pico atinge a cota de atenção,
SACE_guaiba_14,Terminal CATSUL Guaíba,Terminal CATSUL Guaíba,Bacia do Guaíba,2026-10-04 00:12:50,1.06,1.5,,75.0,177.0,177.0,0.0,18.75,2026-10-03 19:45:00,,0,estação,estável,estavel,variação de 0 % da amplitude de 30 dias,
SACE_uruguai_28,Alegrete,Alegrete,Bacia do Rio Uruguai,2026-10-04 00:12:50,25.28,25.33,,75.0,1134.0,1258.9,124.90000000000009,17.75,2026-10-04 21:52:30,13.31,0,estação,subindo,inundacao,pico atinge a cota de inundação,0.0
SACE_uruguai_33,Passo São Borja,Passo São Borja,Bacia do Rio Uruguai,2026-10-04 00:12:50,0.0,0.2,,75.0,1011.0,1018.4,7.399999999999977,43.25,2026-10-04 05:33:45,64.88,0,estação,subindo,inundacao,pico atinge a cota de inundação,0.0
SACE_uruguai_35,Porto Lucena,Porto Lucena,Bacia do Rio Uruguai,2026-10-04 00:12:50,25.14,25.2,,75.0,505.0,505.0,0.0,36.25,2026-10-03 19:30:00,27.19,0,estação,recessão (vazante),abaixo,pico abaixo de todas as cotas oficiais,
SACE_uruguai_57,Alto Uruguai,Alto Uruguai,Bacia do Rio Uruguai,2026-10-04 00:12:50,27.84,27.86,,75.0,670.0,670.0,0.0,28.25,2026-10-03 19:00:00,7.06,0,estação,recessão (vazante),abaixo,pico abaixo de todas as cotas oficiais,
SACE_uruguai_29,Uruguaiana,Uruguaiana,Bacia do Rio Uruguai,2026-10-04 00:12:50,27.0,27.0,,75.0,744.0,744.0,0.0,72.0,2026-10-05 07:30:00,72.0,0,modelo agrupado,recessão (vazante),atencao,pico atinge a cota de atenção,
SACE_cai_110,São Vendelino,São Vendelino,Bacia do Rio Caí,2026-10-04 00:12:50,0.2,0.2,,75.0,86.0,86.1,0.09999999999999432,0.25,2026-10-03 20:37:30,,0,estação,estável,abaixo,pico abaixo de todas as cotas oficiais,
SACE_cai_142,Passo do Caí,Passo do Caí,Bacia do Rio Caí,2026-10-04 00:12:50,0.02,0.15,,75.0,285.0,285.0,0.0,39.75,2026-10-03 20:00:00,29.81,0,estação,recessão (vazante),estavel,variação de 0 % da amplitude de 30 dias,
SACE_uruguai_27,Quaraí,Quaraí,Bacia do Rio Uruguai,2026-10-04 00:12:50,20.56,20.69,,75.0,269.0,272.4,3.3999999999999773,22.5,2026-10-04 06:15:00,33.75,0,estação,estável,abaixo,pico abaixo de todas as cotas oficiais,
SACE_uruguai_68,Dom Pedrito,Dom Pedrito,Bacia do Rio Uruguai,2026-10-04 00:12:50,21.98,22.08,,75.0,976.0,976.0,0.0,8.0,2026-10-04 07:30:00,8.0,0,modelo agrupado,estável,atencao,pico atinge a cota de atenção,
ANA_76519000,São Francisco De Assis,São Francisco De Assis,Não catalogada (ANA),2026-10-04 00:12:50,,,,,,,,,,,0,estação,,indefinida,sem projeção,
SACE_cai_111,Nova Palmira,Nova Palmira,Bacia do Rio Caí,2026-10-04 00:12:50,0.0,0.0,,75.0,181.0,184.5,3.5,3.0,2026-10-04 00:45:00,4.5,0,estação,estável,abaixo,pico abaixo de todas as cotas oficiais,
SACE_cai_112,Linha Gonzaga,Linha Gonzaga,Bacia do Rio Caí,2026-10-04 00:12:50,0.0,0.0,,75.0,143.0,145.7,2.6999999999999886,2.5,2026-10-03 23:30:00,3.75,0,estação,estável,estavel,variação de 1 % da amplitude de 30 dias,
SACE_cai_130,Feliz,Feliz,Bacia do Rio Caí,2026-10-04 00:12:50,0.03,0.14,,75.0,206.0,206.0,0.0,4.0,2026-10-03 20:00:00,6.0,0,estação,estável,abaixo,pico abaixo de todas as cotas oficiais,
SACE_uruguai_70,Passo do Osório,Passo do Osório,Bacia do Rio Uruguai,2026-10-04 00:12:50,32.72,32.72,,75.0,421.0,480.3,59.30000000000001,26.25,2026-10-05 04:33:45,26.25,0,modelo agrupado,estável,abaixo,pico abaixo de todas as cotas oficiais,
SACE_cai_109,Costa do Rio Cadeia,Costa do Rio Cadeia,Bacia do Rio Caí,2026-10-04 00:12:50,0.03,0.14,,75.0,361.0,361.0,0.0,5.75,2026-10-03 19:30:00,8.62,0,estação,estável,abaixo,pico abaixo de todas as cotas oficiais,
ANA_85438001,Restinga Seca,Restinga Seca,Não catalogada (ANA),2026-10-04 00:12:50,28.0,28.0,,75.0,3800.0,3800.0,0.0,0.25,2026-10-03 20:45:00,0.38,0,estação,estável,estavel,variação de 0 % da amplitude de 30 dias,
ANA_75450200,Bossoroca,Bossoroca,Não catalogada (ANA),2026-10-04 00:12:50,,,,,,,,,,,0,estação,,indefinida,sem projeção,
ANA_76440010,Jaguari,Jaguari,Não catalogada (ANA),2026-10-04 00:12:50,,,,,,,,,,,0,estação,,indefinida,sem projeção,
ANA_75779900,São Borja,São Borja,Não catalogada (ANA),2026-10-04 00:12:50,,,,,,,,,,,0,estação,,indefinida,sem projeção,
ANA_85400020,Dona Francisca,Dona Francisca,Não catalogada (ANA),2026-10-04 00:12:50,24.4,24.4,,75.0,3993.0,3993.6,0.599999999999909,0.5,2026-10-03 21:30:00,,0,estação,estável,estavel,variação de 1 % da amplitude de 30 dias,
ANA_76748978,Alegrete,Alegrete,Não catalogada (ANA),2026-10-04 00:12:50,,,,,,,,,,,0,estação,,indefinida,sem projeção,
ANA_85470200,São Gabriel,São Gabriel,Não catalogada (ANA),2026-10-04 00:12:50,,,,,,,,,,,0,estação,,indefinida,sem projeção,
SACE_cai_131,Vale Real,Vale Real,Bacia do Rio Caí,2026-10-04 00:12:50,0.03,0.14,,75.0,333.0,336.7,3.6999999999999886,2.5,2026-10-03 22:45:00,3.75,0,estação,estável,abaixo,pico abaixo de todas as cotas oficiais,
ANA_85436000,Santa Maria - Arroio Cadena,Santa Maria,Não catalogada (ANA),2026-10-04 00:12:50,,,,,,,,,,,0,estação,,indefinida,sem projeção,
ANA_74620500,Tucunduva/Horizontina,Horizontina,Não catalogada (ANA),2026-10-04 00:12:50,,,,,,,,,,,0,estação,,indefinida,sem projeção,
ANA_75706000,Santo Antônio Das Missões/São Borja,Santo Antônio Das Missões,Não catalogada (ANA),2026-10-04 00:12:50,,,,,,,,,,,0,estação,,indefinida,sem projeção,
ANA_85600003,Formigueiro/Restinga Seca,Formigueiro,Não catalogada (ANA),2026-10-04 00:12:50,5.4,5.4,,75.0,3383.0,3383.5,0.5,0.25,2026-10-03 21:07:30,0.38,0,estação,estável,estavel,variação de 1 % da amplitude de 30 dias,
ANA_76118000,Mata,Mata,Não catalogada (ANA),2026-10-04 00:12:50,,,,,,,,,,,0,estação,,indefinida,sem projeção,
ANA_74860003,Guarani Das Missões,Guarani Das Missões,Não catalogada (ANA),2026-10-04 00:12:50,,,,,,,,,,,0,estação,,indefinida,sem projeção,
ANA_74899050,Campina Das Missões,Campina Das Missões,Não catalogada (ANA),2026-10-04 00:12:50,,,,,,,,,,,0,estação,,indefinida,sem projeção,
ANA_74746000,Santa Rosa - Pessegueirinho,Santa Rosa,Não catalogada (ANA),2026-10-04 00:12:50,,,,,,,,,,,0,estação,,indefinida,sem projeção,
ANA_77499010,Quaraí,Quaraí,Não catalogada (ANA),2026-10-04 00:12:50,,,,,,,,,,,0,estação,,indefinida,sem projeção,
ANA_76250501,Dom Pedrito,Dom Pedrito,Não catalogada (ANA),2026-10-04 00:12:50,,,,,,,,,,,0,estação,,indefinida,sem projeção,
ANA_74746700,Santa Rosa - Pessegueiro,Santa Rosa,Não catalogada (ANA),2026-10-04 00:12:50,,,,,,,,,,,0,estação,,indefinida,sem projeção,
ANA_85643990,Cachoeira Do Sul,Cachoeira Do Sul,Não catalogada (ANA),2026-10-04 00:12:50,7.0,7.0,,75.0,2476.0,2478.1,2.099999999999909,10.75,2026-10-04 04:48:45,16.12,0,estação,estável,estavel,variação de 1 % da amplitude de 30 dias,
ANA_85659960,Encruzinhada Do Sul,Encruzilhada Do Sul,Não catalogada (ANA),2026-10-04 00:12:50,,,,,,,,,,,0,estação,,indefinida,sem projeção,
ANA_85820000,Santa Cruz Do Sul,Santa Cruz Do Sul,Não catalogada (ANA),2026-10-04 00:12:50,4.2,4.2,,75.0,3289.0,3290.7,1.699999999999818,0.25,2026-10-03 21:07:30,0.38,0,estação,estável,estavel,variação de 2 % da amplitude de 30 dias,
ANA_74910010,Porto Lucena/Porto Xavier,Porto Xavier,Não catalogada (ANA),2026-10-04 00:12:50,,,,,,,,,,,0,estação,,indefinida,sem projeção,
ANA_85889010,Rio Pardo,Rio Pardo,Não catalogada (ANA),2026-10-04 00:12:50,8.6,8.6,,75.0,1382.0,1385.0,3.0,0.25,2026-10-03 21:07:30,0.38,0,estação,estável,estavel,variação de 3 % da amplitude de 30 dias,
ANA_85159900,Ibirubá,Ibiruba,Não catalogada (ANA),2026-10-04 00:12:50,,,,,,,,,,,0,estação,,indefinida,sem projeção,
ANA_74699002,Tuparendi/Tucunduva,Tuparendi,Não catalogada (ANA),2026-10-04 00:12:50,,,,,,,,,,,0,estação,,indefinida,sem projeção,
ANA_85418000,Nova Palma,Nova Palma,Não catalogada (ANA),2026-10-04 00:12:50,,,,,,,,,,,0,estação,,indefinida,sem projeção,
ANA_75020200,Panambi,Panambi,Não catalogada (ANA),2026-10-04 00:12:50,,,,,,,,,,,0,estação,,indefinida,sem projeção,
ANA_85739807,Candelária,Candelária,Não catalogada (ANA),2026-10-04 00:12:50,5.0,5.0,,75.0,3628.0,3632.0,4.0,0.25,2026-10-03 21:07:30,,0,estação,estável,estavel,variação de 5 % da amplitude de 30 dias,
ANA_85810000,Sinimbu,Sinimbu,Não catalogada (ANA),2026-10-04 00:12:50,,,,,,,,,,,0,estação,,indefinida,sem projeção,
ANA_85729000,Lagoão,Gramado Xavier,Não catalogada (ANA),2026-10-04 00:12:50,,,,,,,,,,,0,estação,,indefinida,sem projeção,
ANA_76090000,Toropi/São Pedro Do Sul,Toropi,Não catalogada (ANA),2026-10-04 00:12:50,,,,,,,,,,,0,estação,,indefinida,sem projeção,
ANA_74462500,Coronel Bicaco,Coronel Bicaco,Não catalogada (ANA),2026-10-04 00:12:50,,,,,,,,,,,0,estação,,indefinida,sem projeção,
ANA_85653000,Cerro Branco/Candelária,Candelária,Não catalogada (ANA),2026-10-04 00:12:50,,,,,,,,,,,0,estação,,indefinida,sem projeção,
SACE_guaiba_83,Camping São Sepé,Camping São Sepé CPRM,Bacia do Guaíba,2026-10-04 00:12:50,1.96,2.28,,75.0,148.0,149.3,1.3000000000000114,0.25,2026-10-03 20:07:30,0.38,0,estação,estável,estavel,variação de 0 % da amplitude de 30 dias,
SACE_guaiba_23,4 Irmãos Canal Gravataí,4 Irmãos Canal Gravataí,Bacia do Guaíba,2026-10-04 00:12:50,0.05,0.58,,75.0,254.0,254.0,0.0,1.0,2026-10-03 19:00:00,1.5,0,estação,estável,estavel,variação de 0 % da amplitude de 30 dias,
ANA_84991100,Morrinhos Do Sul,Morrinhos Do Sul,Não catalogada (ANA),2026-10-04 00:12:50,0.0,0.0,,75.0,2176.0,,,,,,0,estação,,indefinida,sem projeção,
ANA_72580500,Getúlio Vargas,Getúlio Vargas,Não catalogada (ANA),2026-10-04 00:12:50,,,,,,,,,,,0,estação,,indefinida,sem projeção,
ANA_73205800,Barra Do Rio Azul - Rio Azul,Barra Do Rio Azul,Não catalogada (ANA),2026-10-04 00:12:50,,,,,,,,,,,0,estação,,indefinida,sem projeção,
ANA_74189000,Sarandi,Sarandi,Não catalogada (ANA),2026-10-04 00:12:50,,,,,,,,,,,0,estação,,indefinida,sem projeção,
ANA_79099870,Bagé,Bagé,Não catalogada (ANA),2026-10-04 00:12:50,,,,,,,,,,,0,estação,,indefinida,sem projeção,
ANA_72460000,Cacique Doble,Cacique Doble,Não catalogada (ANA),2026-10-04 00:12:50,,,,,,,,,,,0,estação,,indefinida,sem projeção,
ANA_73182000,Aratiba,Aratiba,Não catalogada (ANA),2026-10-04 00:12:50,,,,,,,,,,,0,estação,,indefinida,sem projeção,
ANA_73205750,Barra Do Rio Azul-Rio Paloma,Barra Do Rio Azul,Não catalogada (ANA),2026-10-04 00:12:50,,,,,,,,,,,0,estação,,indefinida,sem projeção,
ANA_73371000,Passo Fundo,Passo Fundo,Não catalogada (ANA),2026-10-04 00:12:50,,,,,,,,,,,0,estação,,indefinida,sem projeção,
ANA_73444700,Barão De Cotegipe,Barão De Cotegipe,Não catalogada (ANA),2026-10-04 00:12:50,,,,,,,,,,,0,estação,,indefinida,sem projeção,
ANA_73444750,Paulo Bento,Paulo Bento,Não catalogada (ANA),2026-10-04 00:12:50,,,,,,,,,,,0,estação,,indefinida,sem projeção,
ANA_74087500,Iraí - Rio Uruguai,Iraí,Não catalogada (ANA),2026-10-04 00:12:50,,,,,,,,,,,0,estação,,indefinida,sem projeção,
ANA_74100300,Iraí - Rio Do Mel,Iraí,Não catalogada (ANA),2026-10-04 00:12:50,,,,,,,,,,,0,estação,,indefinida,sem projeção,
ANA_74186000,Barra Funda/Novo Barreiro,Barra Funda,Não catalogada (ANA),2026-10-04 00:12:50,,,,,,,,,,,0,estação,,indefinida,sem projeção,
ANA_74240000,Rodeio Bonito,Rodeio Bonito,Não catalogada (ANA),2026-10-04 00:12:50,,,,,,,,,,,0,estação,,indefinida,sem projeção,
ANA_84991510,Torres,Torres,Não catalogada (ANA),2026-10-04 00:12:50,0.0,0.0,,75.0,-4.0,,,,,,0,estação,,indefinida,sem projeção,
ANA_85930001,São Jerônimo,São Jerônimo,Não catalogada (ANA),2026-10-04 00:12:50,0.0,0.0,,75.0,382.0,,,,,,0,estação,,indefinida,sem projeção,
ANA_86095100,Bom Jesus/Jaquirana,Jaquirana,Não catalogada (ANA),2026-10-04 00:12:50,,,,,,,,,,,0,estação,,indefinida,sem projeção,
ANA_86120050,São Francisco De Paula-Cambará Do Sul,Cambará Do Sul,Não catalogada (ANA),2026-10-04 00:12:50,,,,,,,,,,,0,estação,,indefinida,sem projeção,
ANA_86297995,Flores Da Cunha-Antônio Prado,Flores Da Cunha,Não catalogada (ANA),2026-10-04 00:12:50,,,,,,,,,,,0,estação,,indefinida,sem projeção,
ANA_86329001,Nova Roma/Farroupilha,Nova Roma Do Sul,Não catalogada (ANA),2026-10-04 00:12:50,,,,,,,,,,,0,estação,,indefinida,sem projeção,
ANA_86342000,Muitos Capões/Lagoa Vermelha,Muitos Capões,Não catalogada (ANA),2026-10-04 00:12:50,,,,,,,,,,,0,estação,,indefinida,sem projeção,
ANA_86410001,Protásio Alves/Ipê,Protásio Alves,Não catalogada (ANA),2026-10-04 00:12:50,,,,,,,,,,,0,estação,,indefinida,sem projeção,
ANA_86507220,Cotiporão/Dois Lajeados,Cotiporã,Não catalogada (ANA),2026-10-04 00:12:50,,,,,,,,,,,0,estação,,indefinida,sem projeção,
ANA_86529500,Marau,Marau,Não catalogada (ANA),2026-10-04 00:12:50,,,,,,,,,,,0,estação,,indefinida,sem projeção,
ANA_86542000,União Da Serra,União Da Serra,Não catalogada (ANA),2026-10-04 00:12:50,,,,,,,,,,,0,estação,,indefinida,sem projeção,
